{
  "view/fragments/SelectMultiBuildingTable.fragment.xml": 1750775341298,
  "controller/WorkList.controller.js": 1750854101306,
  "model/formatter.js": 1750775336498,
  "model/models.js": 1750775336498,
  "controller/Object.controller.js": 1750775323602,
  "controller/CreateContract.controller.js": 1750775323050,
  "controller/BaseController.js": 1751188363686,
  "controller/App.controller.js": 1750775322942,
  "xs-app.json": 1751211124165,
  "manifest.json": 1750777510497,
  "Component.js": 1750775321234,
  "controller/Object-dbg.controller.js": 1750775323602,
  "controller/Object.controller.js.map": 1751211130737,
  "model/formatter-dbg.js": 1750775336498,
  "model/formatter.js.map": 1751211130192,
  "model/models-dbg.js": 1750775336498,
  "model/models.js.map": 1751211130181,
  "controller/WorkList-dbg.controller.js": 1750854101306,
  "controller/WorkList.controller.js.map": 1751211130280,
  "controller/CreateContract-dbg.controller.js": 1750775323050,
  "controller/CreateContract.controller.js.map": 1751211130658,
  "controller/BaseController-dbg.js": 1751188363686,
  "controller/BaseController.js.map": 1751211130660,
  "controller/App-dbg.controller.js": 1750775322942,
  "controller/App.controller.js.map": 1751211130283,
  "Component-dbg.js": 1750775321234,
  "Component.js.map": 1751211130285,
  "Component-preload.js": 1751211131149,
  "Component-preload.js.map": 1751211131150,
  "view/fragments/variationOrdersrv.fragment.xml": 1750775341962,
  "view/fragments/variationOrderTablesrv.fragment.xml": 1750775341962,
  "view/fragments/variationOrderTable.fragment.xml": 1750775341962,
  "view/fragments/variationOrder.fragment.xml": 1750775341962,
  "view/fragments/selectBoqDialog.fragment.xml": 1750775341298,
  "view/fragments/groupSearchDialogfilter.fragment.xml": 1750775340682,
  "view/fragments/ZoneSearchDialogfilter.fragment.xml": 1750775342010,
  "view/fragments/WBSSearchDialog.fragment.xml": 1750775341962,
  "view/fragments/WBSGroupSearchDialog.fragment.xml": 1750775341962,
  "view/fragments/ViewSheetDialog.fragment.xml": 1750775341962,
  "view/fragments/VendorSearchDialog.fragment.xml": 1750775341962,
  "view/fragments/SuperiorWBSSearchDialog.fragment.xml": 1750775341402,
  "view/fragments/SuperiorWBSSSearchDialog.fragment.xml": 1750775341414,
  "view/fragments/SubBoqSearchDialog.fragment.xml": 1750775341402,
  "view/fragments/ServiceTypeSearchDialog.fragment.xml": 1750775341386,
  "view/fragments/ServiceSearchDialog.fragment.xml": 1750775341382,
  "view/fragments/ServiceLongText.fragment.xml": 1750775341382,
  "view/fragments/SelectMultiWBSDialoge.fragment.xml": 1750775341298,
  "view/fragments/SelectMultiWBSDialogTable.fragment.xml": 1750775341362,
  "i18n/i18n.properties": 1750775335090,
  "view/fragments/SelectMultiBuildingDialoge.fragment.xml": 1750775341298,
  "view/fragments/RefrenceContractValueHelpFilterBar.fragment.xml": 1750775341298,
  "view/fragments/RefrenceContractTable.fragment.xml": 1750775341298,
  "view/fragments/PurchaseOrgSearchDialog.fragment.xml": 1750775341298,
  "view/fragments/PurchaseGrpSearchDialog.fragment.xml": 1750775341298,
  "view/fragments/ProjectSearchDialog.fragment.xml": 1750775341298,
  "view/fragments/ProjSearchDialog.fragment.xml": 1750775341298,
  "view/fragments/ProcessFlowDialog.fragment.xml": 1750775341298,
  "view/fragments/PlantSearchDialog.fragment.xml": 1750775341298,
  "view/fragments/ModelSearchDialog.fragment.xml": 1750775341298,
  "view/fragments/ModelDialogfilterBuilding.fragment.xml": 1750775340590,
  "view/fragments/ModelDialogfilter.fragment.xml": 1750775340590,
  "view/fragments/MessagePopover.fragment.xml": 1750775340590,
  "view/fragments/GroupSearchDialog.fragment.xml": 1750775340590,
  "view/fragments/GroupBoqSearchDialog.fragment.xml": 1750775340590,
  "view/fragments/FilterServices.fragment.xml": 1750775340590,
  "view/fragments/DocumentType.fragment.xml": 1750775340590,
  "view/fragments/DocumentSearchDialog.fragment.xml": 1750775340590,
  "view/fragments/ContractDescriptionDialog.fragment.xml": 1750775340590,
  "view/fragments/CompanySearchDialog.fragment.xml": 1750775340590,
  "view/fragments/BusyDialog.fragment.xml": 1750775340590,
  "view/fragments/BuildingValueHelpFilterBarTable.fragment.xml": 1750775340590,
  "view/fragments/BuildingValueHelpFilterBarDialog.fragment.xml": 1750775340590,
  "view/fragments/BuildingSearchDialogfilter.fragment.xml": 1750775340590,
  "view/fragments/BuildingSearchDialog.fragment.xml": 1750775340590,
  "view/fragments/Attachment.fragment.xml": 1750775340590,
  "view/fragments/AddendumOrderTable.fragment.xml": 1750775340590,
  "view/fragments/AddService.fragment.xml": 1750775340590,
  "view/fragments/ActionSheetDialog.fragment.xml": 1750775340590,
  "view/PRfragments/ValueHelp.fragment.xml": 1750775343314,
  "view/PRfragments/TreePurchaseRequisition.fragment.xml": 1750775343314,
  "view/PRfragments/SelectMultiPRDialoge.fragment.xml": 1750775343314,
  "view/PRfragments/SelectMultiPRDialogTable.fragment.xml": 1750775343314,
  "view/PRfragments/PurchaseRequisition.fragment.xml": 1750775343314,
  "view/WorkList.view.xml": 1750775645811,
  "view/Object.view.xml": 1750775339226,
  "view/CreateContract.view.xml": 1750775339226,
  "view/App.view.xml": 1750775339226,
  "test/flpSandbox.html": 1750775337786,
  "css/style.css": 1750775333610,
  "index.html": 1750775321234
}